464756,RandomForestRegressor_3_10,FAILED,5-00:00:00
464757,RandomForestRegressor_3_15,FAILED,5-00:00:00
464759,RandomForestRegressor_5_10,FAILED,5-00:00:00
464760,RandomForestRegressor_5_15,FAILED,5-00:00:00
464763,RandomForestRegressor_7_15,FAILED,5-00:00:00
464762,RandomForestRegressor_7_10,FAILED,5-00:00:00
464764,RandomForestRegressor_7_5,FAILED,5-00:00:00
464765,Ridge_3_10,COMPLETED,5-00:00:00
464761,RandomForestRegressor_5_5,FAILED,5-00:00:00
464766,Ridge_3_15,COMPLETED,5-00:00:00
464758,RandomForestRegressor_3_5,FAILED,5-00:00:00
464767,Ridge_3_5,COMPLETED,5-00:00:00
464768,Ridge_5_10,COMPLETED,5-00:00:00
464769,Ridge_5_15,COMPLETED,5-00:00:00
464770,Ridge_5_5,FAILED,5-00:00:00
464771,Ridge_7_10,TIMEOUT,5-00:00:00
464772,Ridge_7_15,TIMEOUT,5-00:00:00
464773,Ridge_7_5,TIMEOUT,5-00:00:00
464774,RidgeCV_3_10,COMPLETED,5-00:00:00
464775,RidgeCV_3_15,COMPLETED,5-00:00:00
464776,RidgeCV_3_5,COMPLETED,5-00:00:00
464777,RidgeCV_5_10,COMPLETED,5-00:00:00
464778,RidgeCV_5_15,COMPLETED,5-00:00:00
464779,RidgeCV_5_5,COMPLETED,5-00:00:00
464780,RidgeCV_7_10,TIMEOUT,5-00:00:00
464781,RidgeCV_7_15,TIMEOUT,5-00:00:00
464782,RidgeCV_7_5,TIMEOUT,5-00:00:00
464783,LinearRegression_3_10,COMPLETED,5-00:00:00
464784,LinearRegression_3_15,COMPLETED,5-00:00:00
464785,LinearRegression_3_5,COMPLETED,5-00:00:00
464786,LinearRegression_5_10,COMPLETED,5-00:00:00
464787,LinearRegression_5_15,FAILED,5-00:00:00
464788,LinearRegression_5_5,FAILED,5-00:00:00
464789,LinearRegression_7_10,TIMEOUT,5-00:00:00
464790,LinearRegression_7_15,TIMEOUT,5-00:00:00
464791,LinearRegression_7_5,TIMEOUT,5-00:00:00
464792,ElasticNet_3_10,TIMEOUT,5-00:00:00
464793,ElasticNet_3_15,TIMEOUT,5-00:00:00
464794,ElasticNet_3_5,TIMEOUT,5-00:00:00
464795,ElasticNet_5_10,TIMEOUT,5-00:00:00
464796,ElasticNet_5_15,TIMEOUT,5-00:00:00
464797,ElasticNet_5_5,TIMEOUT,5-00:00:00
464798,ElasticNet_7_10,TIMEOUT,5-00:00:00
464799,ElasticNet_7_15,TIMEOUT,5-00:00:00
464800,ElasticNet_7_5,TIMEOUT,5-00:00:00
464801,ElasticNetCV_3_10,FAILED,5-00:00:00
464802,ElasticNetCV_3_15,FAILED,5-00:00:00
464803,ElasticNetCV_3_5,FAILED,5-00:00:00
464804,ElasticNetCV_5_10,FAILED,5-00:00:00
464805,ElasticNetCV_5_15,FAILED,5-00:00:00
464806,ElasticNetCV_5_5,FAILED,5-00:00:00
464807,ElasticNetCV_7_10,FAILED,5-00:00:00
464808,ElasticNetCV_7_15,FAILED,5-00:00:00
464809,ElasticNetCV_7_5,FAILED,5-00:00:00
464810,MultiTaskElasticNet_3_10,TIMEOUT,5-00:00:00
464811,MultiTaskElasticNet_3_15,TIMEOUT,5-00:00:00
464812,MultiTaskElasticNet_3_5,TIMEOUT,5-00:00:00
464813,MultiTaskElasticNet_5_10,TIMEOUT,5-00:00:00
464814,MultiTaskElasticNet_5_15,TIMEOUT,5-00:00:00
464815,MultiTaskElasticNet_5_5,TIMEOUT,5-00:00:00
464816,MultiTaskElasticNet_7_10,TIMEOUT,5-00:00:00
464817,MultiTaskElasticNet_7_15,TIMEOUT,5-00:00:00
464818,MultiTaskElasticNet_7_5,TIMEOUT,5-00:00:00
464819,GaussianProcessRegressor_3_10,COMPLETED,5-00:00:00
464820,GaussianProcessRegressor_3_15,COMPLETED,5-00:00:00
464821,GaussianProcessRegressor_3_5,COMPLETED,5-00:00:00
464822,GaussianProcessRegressor_5_10,COMPLETED,5-00:00:00
464823,GaussianProcessRegressor_5_15,COMPLETED,5-00:00:00
464824,GaussianProcessRegressor_5_5,COMPLETED,5-00:00:00
464825,GaussianProcessRegressor_7_10,TIMEOUT,5-00:00:00
464826,GaussianProcessRegressor_7_15,TIMEOUT,5-00:00:00
464827,GaussianProcessRegressor_7_5,TIMEOUT,5-00:00:00
464828,KNeighborsRegressor_3_10,COMPLETED,5-00:00:00
464829,KNeighborsRegressor_3_15,COMPLETED,5-00:00:00
464830,KNeighborsRegressor_3_5,COMPLETED,5-00:00:00
464831,KNeighborsRegressor_5_10,COMPLETED,5-00:00:00
464832,KNeighborsRegressor_5_15,COMPLETED,5-00:00:00
464833,KNeighborsRegressor_5_5,COMPLETED,5-00:00:00
464834,KNeighborsRegressor_7_10,TIMEOUT,5-00:00:00
464835,KNeighborsRegressor_7_15,TIMEOUT,5-00:00:00
464836,KNeighborsRegressor_7_5,TIMEOUT,5-00:00:00
464837,Lasso_3_10,TIMEOUT,5-00:00:00
464838,Lasso_3_15,TIMEOUT,5-00:00:00
464839,Lasso_3_5,TIMEOUT,5-00:00:00
464840,Lasso_5_10,TIMEOUT,5-00:00:00
464841,Lasso_5_15,TIMEOUT,5-00:00:00
464842,Lasso_5_5,TIMEOUT,5-00:00:00
464843,Lasso_7_10,TIMEOUT,5-00:00:00
464844,Lasso_7_15,TIMEOUT,5-00:00:00
464845,Lasso_7_5,RUNNING,5-00:00:00
464846,MultiTaskLasso_3_10,RUNNING,5-00:00:00
464847,MultiTaskLasso_3_15,RUNNING,5-00:00:00
464848,MultiTaskLasso_3_5,RUNNING,5-00:00:00
464849,MultiTaskLasso_5_10,RUNNING,5-00:00:00
464850,MultiTaskLasso_5_15,RUNNING,5-00:00:00
464851,MultiTaskLasso_5_5,RUNNING,5-00:00:00
464852,MultiTaskLasso_7_10,RUNNING,5-00:00:00
464853,MultiTaskLasso_7_15,RUNNING,5-00:00:00
464854,MultiTaskLasso_7_5,RUNNING,5-00:00:00
464920,RandomForestRegressor_3_10,RUNNING,5-00:00:00
464921,RandomForestRegressor_3_15,PENDING,5-00:00:00
464922,RandomForestRegressor_3_5,PENDING,5-00:00:00
464923,RandomForestRegressor_5_10,PENDING,5-00:00:00
464924,RandomForestRegressor_5_15,PENDING,5-00:00:00
464925,RandomForestRegressor_5_5,PENDING,5-00:00:00
464926,RandomForestRegressor_7_10,PENDING,5-00:00:00
464927,RandomForestRegressor_7_15,PENDING,5-00:00:00
464928,RandomForestRegressor_7_5,PENDING,5-00:00:00